{"alpha":[0.25,0.25,0.25,0.25,0.25],"tw":[{"weights":[6.803125099489829E-4,7.936073166265383E-4,7.485796754940904E-4,7.022107330894045E-4,6.788483750488166E-4,7.726707291947597E-4,8.190382884671349E-4,8.891726465418084E-4,7.482590954904501E-4,6.788389712022323E-4,9.135554640665174E-4,6.778687906961152E-4,0.0015618918175750206,7.028544065059598E-4,7.011255734242004E-4,7.737570399372076E-4,7.483656266662085E-4,7.02816652112942E-4,7.025405380116527E-4,8.886382809523572E-4,7.23903411707722E-4,7.962650964998441E-4,6.780259182797555E-4,7.232510599299653E-4,6.798770883801386E-4,7.244103403013898E-4,7.489190942380254E-4,7.264082465748767E-4,6.789384009082263E-4,0.0013086557050225986,6.786088038907744E-4,6.784512948385355E-4,7.957952640085779E-4,0.0014478438010527093,8.42732879191912E-4,8.425813979746794E-4,7.035545803820588E-4,7.018377732858312E-4,7.969168019753022E-4,8.200926791940609E-4],"words":["abbreviated","arms","asia","base","begins","ben","birthday","cagney","champagne","city","daughter","eggs","flower","friend","girl","golf","greece","hands","hear","iran","italy","japanese","latvia","line","lungs","mammal","network","oh","pfizer","prince","queen","river","salt","spain","twins","type","vietnam","voters","water","word"]},{"weights":[6.800019856217069E-4,6.801631776892612E-4,7.511687440960942E-4,7.510607920173944E-4,7.038229329961797E-4,7.731199637590707E-4,7.040361216269394E-4,7.976552314848595E-4,8.444055223506022E-4,7.27131708511452E-4,7.258265555996154E-4,7.274115967285691E-4,9.375242338250021E-4,7.959523484516049E-4,8.918880290994801E-4,7.277388727652569E-4,7.02666408648509E-4,8.666190471627121E-4,8.217967471017103E-4,6.574064594885472E-4,7.753793966413495E-4,7.037647367330832E-4,7.981968215447795E-4,8.667363322257219E-4,7.029450961606498E-4,8.197658566432662E-4,7.028819797327575E-4,8.215242946345257E-4,6.570091360214728E-4,0.001031871189970637,6.5745047713795E-4,6.796150920831134E-4,9.381778068467193E-4,7.730174397187988E-4,7.507262244180453E-4,6.811082543740388E-4,8.44471540315949E-4,7.507802086171479E-4,6.803378833492796E-4,7.037583068878546E-4],"words":["abbreviated","arms","assam","base","begins","ben","birthday","california","champagne","chi","city","dictionary","dutch","flower","form","hands","italy","japanese","latvia","line","lungs","madonna","mammal","nasa","oh","pfizer","pickle","pierce","pink","prince","queen","river","spain","synonym","times","tomatoes","twins","water","word","york"]},{"weights":[8.194411051178585E-4,7.482293933962868E-4,8.436923883304105E-4,7.719228800660224E-4,7.258296049923447E-4,7.494760735621222E-4,7.488229174955684E-4,7.255509363979379E-4,7.494786845463063E-4,8.438075665789438E-4,8.661952430299372E-4,0.0013089844376190781,7.505684852788376E-4,9.360509152269571E-4,7.958949837946499E-4,7.730795818628417E-4,6.791400222572214E-4,8.190530133775949E-4,7.019602928057048E-4,6.789060976917867E-4,7.730757590669818E-4,8.189012324607407E-4,8.186204837052804E-4,7.961202182048349E-4,8.193322110980021E-4,7.013050146060712E-4,7.962870423246158E-4,7.721494448174779E-4,8.43652279320828E-4,7.015788705561182E-4,7.729587592782256E-4,0.0011702525508071654,7.728556646219197E-4,7.957961417339445E-4,8.1829411148115E-4,7.719180260182688E-4,7.495321796144736E-4,8.418889166675056E-4,8.429764396458258E-4,7.960728787805017E-4],"words":["assam","bald","base","birthday","california","champagne","chi","city","daughter","dj","eggs","flower","friend","frozen","girl","goes","greece","hands","hear","italy","latvia","line","network","oh","pickle","pierce","pink","prince","queen","river","salt","spain","synonym","times","tomatoes","type","voters","water","word","york"]},{"weights":[9.595505493659249E-4,8.206527472576627E-4,7.720848689856095E-4,7.958128492009613E-4,6.783317147288678E-4,6.788191280261058E-4,7.717039474276414E-4,7.251301046139444E-4,7.482407067115506E-4,8.420065529646674E-4,7.024064110236355E-4,8.426265475188448E-4,9.819901008090636E-4,7.721529077209257E-4,8.202697188002274E-4,6.784150572523216E-4,7.945036375984993E-4,8.437268379929275E-4,7.73754053569813E-4,7.466493098998911E-4,8.18694745716927E-4,7.50522729213059E-4,7.017516645171943E-4,6.800107343552693E-4,7.961954431313026E-4,7.494779822761885E-4,7.2568471032497E-4,7.03453636352976E-4,7.019207327295735E-4,8.65245966724045E-4,7.487187880154507E-4,0.0012151049997777697,7.024653199086499E-4,8.66082324971263E-4,0.0011956771476409338,7.252838240581227E-4,6.791914315803087E-4,7.498704028538277E-4,7.256234321700486E-4,8.209265688649185E-4],"words":["abbreviated","asia","bald","begins","birthday","cagney","california","castle","chi","dictionary","dj","eggs","flower","form","friend","frozen","girl","goes","golf","greece","hear","iran","italy","lungs","madonna","nasa","oh","pfizer","pickle","pierce","pink","prince","river","salt","spain","times","type","vietnam","voters","york"]},{"weights":[6.793244652383989E-4,7.740373987808431E-4,7.515070082727251E-4,7.508728616617352E-4,7.26750365557705E-4,6.568295221250771E-4,9.613839554134941E-4,6.570512416526858E-4,7.496841807761752E-4,7.262427032528702E-4,7.967516456090215E-4,8.211301302960615E-4,7.255361625540558E-4,0.0011941631660660197,6.809183686612509E-4,6.792110875137301E-4,7.275715015187304E-4,7.03097338905235E-4,7.48539069739597E-4,6.79377758908204E-4,7.028180968437224E-4,7.02033647818585E-4,6.792116112742442E-4,7.508436009948717E-4,8.217893780725419E-4,7.266817333972841E-4,7.725092887732516E-4,7.044613413689713E-4,6.567198241199929E-4,7.4999752396338E-4,0.001524057406646964,6.787227145145766E-4,7.49130627544871E-4,0.0010979197036944544,7.731148191047351E-4,7.042445907103776E-4,6.791722506891135E-4,7.032054374692094E-4,7.979633037851223E-4,7.27061726729898E-4],"words":["arms","bald","base","begins","cagney","california","castle","champagne","chi","city","dictionary","dj","dutch","flower","frozen","goes","golf","greece","hands","iran","italy","japanese","latvia","lungs","madonna","mammal","network","pfizer","pickle","pink","prince","queen","river","spain","synonym","tomatoes","twins","type","vietnam","voters"]}]}